use kthdb1;

INSERT INTO tb_member(
	id
    ,pw
    ,name
    ,grade
    ,point
    ,address
    ,gender
    ,dob
)
VALUES(
	'spm528'
    ,"4dsd64"
    ,"김태희"
    ,2
    ,800
    ,1
    ,"2004-05-28"
),(
	'hntsbo8'
    ,"t9ldagsd"
    ,"김바보"
    ,4
    ,1000
    ,1
    ,"1985-05-28"
),(
	'hnhe8'
    ,"564agsd"
    ,"김천재"
    ,2
    ,500
    ,3
    ,"1989-05-28"
),(
	'iksbo8'
    ,"75ieagsd"
    ,"김평범"
    ,2
    ,2000
    ,2
    ,"1991-05-28"
),(
	'rxgmd42'
    ,"t4bh6agsd"
    ,"김비범"
    ,1
    ,10000
    ,2
    ,"2000-05-28"
),(
	'rqa58'
    ,"nt4badagsd"
    ,"김태이"
    ,1
    ,3000
    ,4
    ,"2002-05-28"
),(
	'jnryd5bo8'
    ,"n5yedagsd"
    ,"이태희"
    ,1
    ,2300
    ,2
    ,"2000-05-28"
),(
	'bsfsbo8'
    ,"wt3abgsd"
    ,"이제주"
    ,1
    ,0
    ,1
    ,"1991-05-28"
),(
	'gbve6564'
    ,"eah43sd"
    ,"박태희"
    ,1
    ,1800
    ,1
    ,"1994-05-28"
),(
	'wrg1ab698'
    ,"thfdagsd"
    ,"최태희"
    ,3
    ,500
    ,2
    ,"2014-05-28"
)
;

INSERT INTO tb_tell(
	tell_num
    ,tell_type
    ,tb_member_seq
)
VALUES(
	'010-3015-7203'
    ,0
    ,1
),(
	'010-3245-7203'
    ,1
    ,1
),(
	'02-886-7203'
    ,2
    ,1
),(
	'010-4444-7203'
    ,0
    ,2
),(
	'010-4344-7203'
    ,1
    ,2
),(
	'02-999-7203'
    ,2
    ,2
),(
	'011-2235-7203'
    ,0
    ,3
),(
	'010-4345-7203'
    ,1
    ,3
),(
	'02-4746-7203'
    ,2
    ,3
)
;

INSERT INTO tb_address(
	zip_code
    ,address
    ,address_dtail
    ,address_type
    ,tb_member_seq
    ,tb_oder_seq
)
VALUES(
	06120
    ,"서울 도봉구 어디어디"
    ,
    ,1
    ,1
),(
	08746
    ,"서울 관악구 신봉아파트"
    ,
    ,0
    ,2
),(
	08746
    ,
    ,
    ,0
    ,3
),(
	08746
    ,
    ,
    ,0
    ,4
),(
	05430
    ,
    ,
    ,1
    ,5
),(
	02610
    ,
    ,
    ,0
    ,6
),(
	06176
    ,
    ,
    ,1
    ,7
),(
	06774
    ,
    ,
    ,1
    ,8
),(
	05865
    ,
    ,
    ,1
    ,9
),(
	02466
    ,
    ,
    ,0
    ,10
)
;

INSERT INTO tb_email(
	email
    ,advertise_ny
    ,tb_member_seq
)
VALUES(
	"spm528@gmail.com"
    ,1
    ,1
),(
	"86fyo63@naver.com"
    ,1
    ,2
),(
	"5jgvh43@hanmail.com"
    ,0
    ,3
),(
	"jgvk863@ngfrbveda.com"
    ,0
    ,4
),(
	"smda9203@ngd.com"
    ,1
    ,5
),(
	"52gdf43@tbsnzg.com"
    ,1
    ,6
),(
	"52gdf43@ngfz.com"
    ,0
    ,7
),(
	"52gdf43@nzrgsea.com"
    ,0
    ,8
),(
	"gstgb34@ngfgbd.com"
    ,1
    ,9
),(
	"56ghm1@nghfnbsd.com"
    ,0
    ,10
)
;

INSERT INTO tb_product(
	over_sea_ny
    ,title
    ,sales_rate
    ,price
    ,reg_date
    ,delivery_fee
    ,link
    ,discount
)
VALUES(
	1
    ,'범블비 변신 무선RC'
    ,760
    ,45000
    ,"2022-01-05"
    ,5000
    ,"asdkbfkb/sadfvar/afvcasdc"
    ,10000
),(
	0
    ,'옵티머스 프라임 변신로봇'
    ,25
    ,35000
    ,"2021-05-30"
    ,2500
    ,"sthfkb/srgr/afthred"
    ,0
),(
	1
    ,'3단 합체 바비인형'
    ,450
    ,32000
    ,"2022-06-18"
    ,2500
    ,"a24erffkb/43fewrar/243fdc"
    ,10000
),(
	0
    ,'유아용 모빌'
    ,30
    ,15000
    ,"2021-05-01"
    ,0
    ,"aaegverb/sv4gr/ge5rrgsdc"
    ,0
),(
	0
    ,'초대형 오리튜브'
    ,120
    ,30000
    ,"2022-06-23"
    ,0
    ,"asdkbfkb/sadfvar/afvcasdc"
    ,2000
),(
	1
    ,'아이언벤 프라모델'
    ,50
    ,28000
    ,"2021-10-01"
    ,5000
    ,"atsebfkb/gfdvar/aw654h"
    ,0
),(
	1
    ,'범블비 변신 무선RC'
    ,1500
    ,45000
    ,"2022-01-05"
    ,5000
    ,"asdkbfkb/sadfvar/afvcasdc"
    ,10000
),(
	1
    ,'범블비 변신 무선RC'
    ,2300
    ,45000
    ,"2022-01-05"
    ,5000
    ,"asdkbfkb/sadfvar/afvcasdc"
    ,10000
),(
	1
    ,'범블비 변신 무선RC'
    ,350
    ,45000
    ,"2022-01-05"
    ,5000
    ,"asdkbfkb/sadfvar/afvcasdc"
    ,10000
),(
	1
    ,'범블비 변신 무선RC'
    ,150
    ,45000
    ,"2022-01-05"
    ,5000
    ,"asdkbfkb/sadfvar/afvcasdc"
    ,10000
)
;

INSERT INTO tb_tag(
	tag_name
)
VALUES(
	"로봇"
),(
	"인형"
),(
	"퍼즐"
),(
	"인기"
),(
	"가족"
),(
	"여행"
),(
	"물놀이"
),(
	"게임"
),(
	"만화"
),(
	"교육"
),(
	"유아"
),(
	"어른"
),(
	"반려동물"
)
;

INSERT INTO tb_product_tag(
	tb_product_seq
    ,tb_tag_seq
)
VALUES(
	1
    ,1
),(
	1
    ,2
),(
	1
    ,3
),(
	2
    ,5
),(
	2
    ,6
),(
	2
    ,8
),(
	3
    ,1
),(
	3
    ,6
),(
	3
    ,7
),(
	4
    ,3
),(
	1
    ,4
),(
	1
    ,9
)
;

INSERT INTO tb_brand(
	brand_name
    ,logo
    ,acount
    ,address
)
VALUES(
	"Lego"
    ,"redahgdv/bedabda/bfbf"
    ,"01-1561-46-1561"
    ,"서울 어디 한국지부"
),(
	"손오공"
    ,"gdrrga/thd53/tbshfd"
    ,"01-5411-26-5641"
    ,"경기도 안산 반월공단"
),(
	"영실업"
    ,"gdrrga/thea/jtra"
    ,"35-1781-10-8491"
    ,"전라도 김해 땅끝마을"
),(
	"반다이"
    ,"jtrsh/ghk/hfd"
    ,"24-781-56-6414"
    ,"일본 어디 어디어디"
)
;

INSERT INTO tb_brand_product(
	tb_product_seq
    ,tb_brand_seq
)
VALUES(
	1
    ,1
),(
	2
    ,1
),(
	3
    ,1
),(
	4
    ,2
),(
	5
    ,2
),(
	6
    ,2
),(
	7
    ,2
),(
	8
    ,2
),(
	9
    ,3
),(
	10
    ,3
)
;

INSERT INTO tb_like(
	tb_member_seq
    ,tb_product_seq
)
VALUES(
	1
    ,1
),(
	1
    ,2
),(
	1
    ,3
),(
	2
    ,2
),(
	2
    ,3
),(
	2
    ,4
),(
	2
    ,7
),(
	6
    ,2
),(
	8
    ,3
),(
	8
    ,5
)
;

INSERT INTO tb_cupon(
	discount
    ,cupon_name
    ,discount_type
    ,overlap_ny
    ,expiration_period
)
-- 0은 %  /  1은 원  /  2는 배송비
-- 0은 중복허용  /  1은 중복불가
VALUES(
	12
    ,"신규회원 1200원 할인 쿠폰"
    ,1
    ,0
    ,"0000-02-00"
),(
	30
    ,"어린이날 30% 할인 쿠폰"
    ,0
    ,0
    ,"0000-00-15"
),(
	50
    ,"가족의달 5000원 할인 쿠폰"
    ,1
    ,0
    ,"0000-00-31"
),(
	10
    ,"vip 10% 할인 쿠폰"
    ,0
    ,0
    ,"0001-00-00"
),(
	100
    ,"vvip 10000원 할인 쿠폰"
    ,1
    ,0
    ,"0001-00-00"
)
;

INSERT INTO tb_cupon_product(
	tb_cupon_seq
    ,tb_product_seq
)
VALUES(
	1
    ,1
),(
	1
    ,2
),(
	2
    ,2
),(
	2
    ,3
),(
	2
    ,4
),(
	3
    ,5
),(
	4
    ,5
),(
	4
    ,1
),(
	4
    ,2
),(
	4
    ,3
)
;

INSERT INTO tb_member_cupon(
	tb_member_seq
	,tb_cupon_seq
    ,acquisition_date
)
VALUES(
	1
    ,1
    ,"2022-04-25"
),(
	1
    ,2
    ,"2022-04-25"
),(
	2
    ,4
    ,"2022-02-01"
),(
	2
    ,2
    ,"2022-04-25"
),(
	2
    ,3
    ,"2022-04-25"
),(
	3
    ,5
    ,"2022-03-15"
),(
	3
    ,2
    ,"2022-04-25"
),(
	3
    ,3
    ,"2022-04-25"
)
;



-- 오더에 멤버쿠폰도 따로 연결이 되야하나
INSERT INTO tb_order(
	tb_member_seq
	,tb_member_cupon_seq
    ,order_date
    ,progress
)
VALUES(
	1
    ,1
    ,"2022-05-15"
    ,4
),(
	1
    ,1
    ,"2022-05-15"
    ,4
),(
	1
    ,1
    ,"2022-05-15"
    ,4
),(
	1
    ,1
    ,"2022-05-15"
    ,4
    
),(
	1
    ,1
    ,"2022-05-15"
    ,4
),(
	1
    ,1
    ,"2022-05-15"
    ,4
),(
	1
    ,1
    ,"2022-05-15"
    ,4
),(
	1
    ,1
    ,"2022-05-15"
    ,4
),(
	1
    ,1
    ,"2022-05-15"
    ,4
),(
	1
    ,1
    ,"2022-05-15"
    ,4
)
;

INSERT INTO tb_member_cupon(
	tb_member_seq
	,tb_cupon_seq
    ,acquisition_date
)
VALUES(
	1
    ,1
    ,"2022-04-25"
),(
	1
    ,2
    ,"2022-04-25"
),(
	2
    ,4
    ,"2022-02-01"
),(
	2
    ,2
    ,"2022-04-25"
),(
	2
    ,3
    ,"2022-04-25"
),(
	3
    ,5
    ,"2022-03-15"
),(
	3
    ,2
    ,"2022-04-25"
),(
	3
    ,3
    ,"2022-04-25"
)
;


